Avg. Area Income,House Age,Number of Rooms,Number of Bedrooms,Area Population,Price
79545.45857,5.682861322,7.009188143,4.09,23086.8005,1059033.558
79248.64245,6.002899808,6.730821019,3.09,40173.07217,1505890.915
61287.06718,5.86588984,8.51272743,5.13,36882.1594,1058987.988
63345.24005,7.188236095,5.586728665,3.26,34310.24283,1260616.807
59982.19723,5.040554523,7.839387785,4.23,26354.10947,630943.4893
80175.75416,4.988407758,6.104512439,4.04,26748.42842,1068138.074
64698.46343,6.025335907,8.147759585,3.41,60828.24909,1502055.817
78394.33928,6.989779748,6.620477995,2.42,36516.35897,1573936.564
59927.66081,5.36212557,6.393120981,2.3,29387.396,798869.5328
81885.92718,4.42367179,8.167688003,6.1,40149.96575,1545154.813
80527.47208,8.093512681,5.0427468,4.1,47224.35984,1707045.722
50593.6955,4.496512793,7.467627404,4.49,34343.99189,663732.3969
39033.80924,7.671755373,7.250029317,3.1,39220.36147,1042814.098
73163.66344,6.919534825,5.993187901,2.27,32326.12314,1291331.518
69391.38018,5.344776177,8.406417715,4.37,35521.29403,1402818.21
73091.86675,5.443156467,8.517512711,4.01,23929.52405,1306674.66
79706.96306,5.067889591,8.219771123,3.12,39717.81358,1556786.6
61929.07702,4.788550242,5.097009554,4.3,24595.9015,528485.2467
63508.1943,5.94716514,7.187773835,5.12,35719.65305,1019425.937
62085.2764,5.739410844,7.091808104,5.49,44922.1067,1030591.429
86294.99909,6.62745694,8.011897853,4.07,47560.77534,2146925.34
60835.08998,5.551221592,6.517175038,2.1,45574.74166,929247.5995
64490.65027,4.21032287,5.478087731,4.31,40358.96011,718887.2315
60697.35154,6.170484091,7.150536572,6.34,28140.96709,743999.8192
59748.85549,5.339339881,7.748681606,4.23,27809.98654,895737.1334
56974.47654,8.287562194,7.312879971,4.33,40694.86951,1453974.506
82173.62608,4.018524685,6.992698757,2.03,38853.91807,1125692.507
64626.88098,5.44335959,6.988753539,4,27784.74228,975429.4928
90499.05745,6.384358921,4.242191302,3.04,33970.16499,1240763.766
59323.7921,6.97782794,8.273697078,4.07,37520.65773,1577017.76
77811.52203,5.314460215,6.686686133,3.24,33754.7378,1246830.188
68652.60921,6.1243421,6.290820167,4.42,39355.62573,1170720.894
55041.35158,7.127128553,8.591923294,5.36,30122.47348,1071279.21
50218.70846,6.118808131,7.333554072,6.29,16810.78331,534305.1323
55909.3223,5.419562911,9.289854372,6,22355.23541,936368.9634
74372.81021,5.500128573,6.593045604,2.07,39395.15118,1199193.831
78667.9046,5.470652207,7.780836693,4.1,27637.65655,1233220.009
78699.5151,5.652783637,6.756453856,3.01,22836.60757,1081150.125
53128.18545,5.180664125,5.426902859,2.39,32947.71196,524712.7661
17796.63119,4.949557006,6.713905445,2.5,47162.18364,302355.836
58566.84936,6.579691453,5.034525352,2.17,39705.46496,1026817.4
75537.79451,7.845215914,7.555660721,6.3,32778.19534,1762214.68
46147.05306,6.623332829,7.60683155,4.43,27161.12861,882057.1706
70421.47649,6.90708297,7.634318731,4.44,43183.92849,1744932.211
62614.42062,5.499309697,7.440505218,6.32,26888.57956,1153871.47
66394.87159,7.069512154,7.204639709,3.18,39741.07751,1499988.88
73946.85107,4.863154306,7.537182365,6.35,35261.12702,1109588.38
69144.74571,7.296224497,5.928223473,3.22,19030.61549,980177.3051
77278.69703,6.238891015,6.919204136,2.13,21725.95429,1323952.027
86754.19663,6.604439819,6.252454805,4.02,43017.44076,1662494.736
74399.84098,6.382452912,7.252665322,6.36,41084.66282,1417819.74
49408.19834,5.825920476,5.831738973,3.32,26881.1306,549976.1456
62279.79005,6.108449991,6.30611635,4.12,35263.65314,1054770.981
73078.20409,5.92390639,6.445456691,3.32,54915.96178,1415647.553
72942.70506,4.786222295,7.31988553,6.41,24377.90905,948788.2757
63819.62285,5.949839471,8.022469239,4.09,27825.57206,1159596.519
73265.44989,8.314761979,7.42559746,3.24,21030.96618,1547133.396
68488.13117,6.116111748,7.18252748,5.08,18267.95471,1186688.506
55193.85745,7.186120667,5.096917456,4.01,32537.81877,772111.9721
77434.68924,6.309271353,5.219754029,3.06,36252.34068,1172730.156
66158.88159,4.476429066,6.91174261,2.28,37098.74217,1111085.017
60502.90933,7.533380986,5.731824125,4.23,33579.63151,1022781.171
60910.89379,5.635466738,7.325973781,4.2,43347.804,1274474.546
73931.97852,6.394107667,4.580839921,4.32,36543.06728,1213530.85
59539.94845,6.018590243,7.007676166,5.43,58600.82715,1411730.477
56547.50719,5.435415183,6.515149877,3.13,37585.27458,858685.5659
65950.34702,5.476513158,6.717844306,3.28,40110.8476,1200961.821
74533.16208,6.67935313,5.919230725,4,49481.56581,1520234.229
66422.91905,7.12207185,7.078583745,6.36,31019.32482,1360908.32
74334.49485,5.419012564,6.261535284,4.12,41640.43566,1360920.53
63538.34616,4.764499308,7.168662411,3.27,43282.183,1146532.455
83953.10484,7.385134534,6.898846569,3.08,37283.35765,1789098.521
57279.06358,5.118108905,6.561520216,3.17,44023.79068,852099.464
56553.55025,5.691129213,7.021252354,3.15,29682.40986,746096.7289
75795.57598,5.786780024,7.327325343,6.25,33197.77774,1534479.907
70848.78866,5.28232502,6.766444664,3.27,40458.73587,1215608.531
59787.4045,5.653120316,6.594592279,3.43,32402.10755,941594.3284
64826.37189,4.010907337,8.290419813,4.38,60286.0431,1204598.037
65925.8538,7.605511954,7.070409541,3.28,34171.36007,1597655.258
64419.25264,6.954422126,8.516160048,6.16,39318.17075,1492011.496
58544.4603,8.562610576,7.276308629,4.28,30865.58695,1421216.504
68791.79169,4.725552228,6.704201604,4.11,48423.32244,1132522.901
82061.5652,4.182828228,5.963031884,4.1,36271.4085,1102821.438
80659.52544,5.436306202,7.100753432,6.24,52947.03636,1856211.35
66668.09352,6.184965339,7.863127437,3.35,47075.21223,1687998.933
64721.5645,5.677637527,6.971331701,4.48,36115.81636,1063423.007
65199.98994,6.445742898,6.937127028,3.2,28366.03543,1177289.886
74579.98953,4.639654131,5.521489299,3.07,42806.14664,1173474.379
76273.67033,7.879751801,4.500165348,3.39,46974.57879,1637259.999
67561.94206,5.251400747,7.658576339,4.04,35517.54187,1238938.291
48904.98327,4.844972531,5.44895603,3.38,32960.75307,201898.0866
72145.96721,6.39862599,8.258634923,6.06,28882.90085,1439506.102
70805.61068,4.443728924,5.809147306,3.3,29268.82674,585608.6326
65383.33792,7.512526779,6.640032004,3.46,35114.40246,1294685.159
95450.29309,6.595060685,6.850361008,3.33,39388.51552,2014851.344
73698.69636,6.372730932,6.578352074,4.33,51815.09642,1840236.006
66263.9105,6.374930066,6.736974131,4.41,49829.9515,1441421.913
75394.75958,6.933352468,7.834099801,4.48,22268.07531,1498640.551
65984.75064,6.512270085,6.31648002,2.38,21867.47694,954746.5764
66477.26279,6.982151725,6.038487979,2.37,32458.9867,1124635.932
69284.25964,5.347447091,7.173425885,3.45,40282.72428,1169944.248
70404.4961,5.544083726,6.001261362,2.02,37127.9255,1114430.953
74218.48902,8.069721867,6.506374302,4.37,46770.66097,1783534.839
63441.71465,6.471673727,7.064811136,3.22,48061.75267,1302933.248
57493.92457,6.893260157,6.734045416,4.41,47039.21532,1241483.612
81543.77732,5.503923196,5.897052836,2.14,9816.300885,954114.544
78633.97376,5.465393231,7.531143012,3.24,43728.80349,1555320.5
52202.85372,4.869306181,4.414380866,2.23,42165.81246,404976.3659
67980.38878,5.562938814,6.159705222,2.44,25909.0792,1073183.76
78568.44916,5.47573732,6.291600796,2.29,41016.64709,1422195.879
55472.65483,4.822147136,5.855972309,3.2,15353.95643,340605.2113
67579.23479,5.973219004,7.754357545,6.32,21762.94969,1170959.526
61456.1507,6.882954326,6.417572622,4.19,30821.41209,942838.1647
60815.39039,7.17012853,7.984335122,4.11,31233.64935,1401613.92
51217.18116,5.384841407,8.776160034,3.41,47089.47508,1175504.486
63027.67471,4.855968121,5.580905937,2.3,35991.72064,608794.2467
62484.8553,6.496651466,7.322709774,5.13,26882.65179,946943.0362
73923.46627,7.005505785,7.135063347,6.04,58745.31203,1819900.637
79737.60976,7.315957927,6.611096005,2.17,28307.31433,1463130.273
63890.47157,4.972306568,7.916386397,5.49,43416.49782,1252391.18
67310.03695,7.193792989,7.760732555,5.28,43310.61243,1714445.175
73145.73022,4.096517243,7.254217433,3.18,49463.37888,1291759.393
86924.35877,6.832939699,7.738295553,6.32,28719.41089,1809154.289
74384.10563,7.411486571,5.164865476,2.3,17117.44367,1200539.361
67477.78818,6.623528293,7.91617166,5.1,29763.92535,1300265.21
71202.95692,4.318869133,6.634954066,4.37,34207.39721,997448.7281
85845.3178,6.743652961,9.468766369,3.46,46477.67868,2152959.409
72138.87048,7.163640935,8.485778263,5.45,35799.63827,1629983.847
44806.00516,4.494570528,4.725325117,3.1,57390.89007,497579.4466
67504.17846,5.329798509,5.894411949,4.36,37441.12054,890112.5493
74706.10053,5.003327764,5.661064127,2.05,39680.60932,1064685.699
68898.34591,6.787648529,7.871352644,6.39,39515.57156,1530124.016
58118.01816,8.137214471,5.650900286,4.36,35598.39044,1246246.828
77643.28309,6.070115922,5.381038359,4.45,35512.25505,1240754.932
67769.82559,8.074693668,6.761631408,4.22,33254.60341,1760734.69
74411.05989,5.534627544,7.210123361,6.44,43537.50295,1393746.76
73101.0788,4.104129923,8.920333221,4.35,29497.97129,1172385.898
58708.41716,5.083861036,6.262825884,4.07,15969.92604,483986.109
63876.05991,7.080219326,7.187432975,3.37,38052.87644,1388530.157
68343.15409,6.39244379,8.425112895,6.2,40653.87007,1721739.384
73064.97996,5.994062799,7.204368895,6.19,30699.33971,1276448.792
67367.26808,6.774710809,6.690894899,2.49,32547.27253,1161742.677
66547.18175,6.350672042,5.305000412,2.04,16741.96499,786407.9451
73313.54538,6.414723236,8.492901229,4.46,37808.99667,1604920.973
47681.36173,6.890508224,7.788267986,5.13,50908.97891,1230149.137
67910.94913,6.445851907,6.675937268,4.32,31379.78297,1051644.554
69277.89125,6.142591681,7.811724471,5.15,43717.91309,1415073.614
67946.71468,5.403175673,5.671136343,3.21,35197.94257,1043483.915
90975.11327,4.740683035,8.320351986,6.45,44426.21365,1544379.748
61885.54644,5.405265969,6.91419577,3.22,48726.9513,1352135.967
69401.84722,7.042354995,8.097044285,3.44,29293.07405,1505727.431
72969.12127,6.188575726,8.076943604,4.2,31755.72136,1416965.979
75582.45976,5.506473429,6.774986419,4.33,31946.30387,1046721.976
56241.22677,5.623087016,6.818670754,2.18,32745.36812,939040.0036
79412.83547,6.087360169,7.481321112,3.26,17568.73376,1383031.332
79618.23685,4.566166101,6.669888411,3.49,29636.50711,1072503.238
67019.07405,6.487943167,7.3313301,6.26,24997.10871,1134397.758
56063.48087,5.10693512,5.385339778,4.14,39129.2967,734827.508
57077.5803,5.775467041,6.952026674,4.27,33393.9166,991892.3175
75954.81825,4.289916281,7.418750603,5.04,34467.7587,1057252.583
52575.81517,7.133719417,7.173698882,4.06,41828.57962,1237224.859
63312.80567,6.139115452,8.199615241,4.41,43230.35216,1442632.541
82526.9621,6.453073406,7.748248953,4.46,43947.68026,1877402.32
73204.94213,6.640915863,7.311912321,6.4,35090.50081,1394518.415
56357.19314,5.707903109,5.240300887,3.25,38061.9983,953939.3299
71316.62465,7.107767687,7.088992691,5.33,21651.69941,1219778.034
75046.8482,4.983084629,8.877240042,3,32468.03115,1287325.382
84474.16006,6.970854746,5.935909326,2.47,38677.81515,1739893.555
68162.68393,6.962206716,6.69735801,3.07,31843.87634,1213382.223
62784.33295,7.572350215,4.652717554,3.31,35122.38947,1007478.748
67009.81567,6.849769937,7.610720856,3.22,39737.12261,1528756.126
67437.25036,6.767363237,6.703917223,2.05,29356.22337,1182459.772
65967.76931,6.847724976,7.777279444,3.14,35799.96255,1474546.762
42816.30589,7.603999923,7.04524851,4.18,47457.66221,1078016.94
83347.6697,5.468158427,5.475252653,3.14,48226.71893,1453381.624
81699.88,5.47980183,6.476007341,4.41,39527.04856,1495012.965
56143.78866,4.580122446,6.668979774,4.04,45084.03666,714148.4148
59513.83492,4.885131771,5.57471435,3.18,44162.27921,894292.0474
78379.41224,5.985697151,5.681833507,3.2,31357.38821,1159841.831
70877.37574,6.766877154,7.213659075,5.07,36033.42685,1195986.299
61526.97445,6.593962539,9.180401429,6.11,27307.94803,1381430.63
65316.99602,7.414875231,6.733084867,2,55799.49748,1534889.853
76268.81833,6.942797867,6.147907596,3.17,38649.85239,1494125.33
48531.36423,6.863184039,8.517401059,5.3,39731.15056,1356146.261
82906.6548,5.901451656,5.767366136,4.26,38820.48194,1454943.074
63117.84405,4.940396705,5.636779395,2.31,43091.84514,774118.1878
75860.86115,3.69089057,4.788380207,3.48,41003.88008,889113.2389
68844.76425,4.860453,6.916808181,3.29,48392.49736,1211102.211
52446.26686,5.694610808,7.429639244,3.11,32934.5532,658646.1847
69342.70684,5.804686752,7.805903702,3.36,37082.37422,1400104.871
55932.05268,7.218309145,6.020201205,4,42488.31,1262017.792
53306.92214,4.632267718,6.194794325,2.15,39063.33871,553077.2126
56976.5464,6.061212241,7.259286709,3.08,46375.50249,1203247.89
51296.48863,6.155259764,7.831766476,6.18,32078.9068,1115323.015
63995.00489,7.59753322,7.090050637,5.25,24748.26827,1301881.417
71915.14669,6.279753854,5.521216371,4.47,27714.29366,1006687.387
62137.59721,5.440725043,7.235191288,5.21,19045.61951,749383.0726
78050.96983,5.234044768,6.290305888,4.15,27789.74852,1075596.587
67371.42086,5.333820712,6.624951289,4.37,24797.76476,739870.7936
59362.76638,7.482630242,8.003006746,3.49,44723.35373,1442945.145
57003.10964,7.01058346,6.356258719,3.14,29594.69337,828497.0671
68989.31221,6.075426018,7.879588245,6.37,32629.60383,1373290.861
70969.9021,4.901817799,6.396268006,3.18,24833.64615,925566.3313
82251.65301,7.741091334,7.636653827,6.49,18408.79864,1552536.764
71306.4573,5.773717163,6.68823017,2.04,43284.39716,1335904.501
70921.56857,5.665185385,6.375371505,3.28,29390.21727,960808.2911
70739.4601,6.710699576,7.166501646,6.28,35148.66775,1405933.019
58097.84182,6.386347996,6.144038119,3.04,19903.00008,619087.6936
51273.50885,7.032317226,6.888205629,2.09,53811.89491,1329273.228
76326.59232,5.02469487,4.936329009,3.44,42779.8313,1261843.844
63584.04588,5.832827571,6.029160867,4.29,46340.18858,1175781.418
86340.28729,4.930051,6.183440077,3.01,35630.56045,1437053.557
79471.23882,5.867269778,8.197289421,6.21,36616.16883,1594415.226
55879.50379,6.407946258,5.370386614,2.07,37360.06356,931357.9954
40503.54133,6.881778623,6.566175293,3.14,45979.47754,798639.6542
83394.40783,5.601486668,5.905024344,2.08,30487.52462,1451739.625
64501.22645,6.001641691,7.293476754,5.33,43869.30998,1278991.689
59569.53734,6.279536891,7.325379539,4.24,31294.65246,885920.5532
69280.31627,6.861548028,6.923618932,4.33,40290.91149,1425632.542
66342.48968,5.857266082,6.94910892,3.06,11792.81516,901881.7427
73367.04599,6.173290661,9.054709888,5.25,23684.78795,1521730.791
57122.22484,5.70765003,5.929733805,2.4,41972.77154,716771.0057
61978.84805,7.912276047,8.437966416,5.37,56957.18775,1696717.107
54299.96882,6.635899749,6.851535828,2.49,39512.66371,819598.0078
71424.40601,5.59893322,8.522538378,3.49,37242.56159,1584213.957
57353.15436,8.07544792,5.678555483,4.44,16906.42172,798892.515
44731.1098,4.188658329,8.942797164,5.12,39633.47304,601973.0017
76175.49393,4.524140652,9.524973612,4.28,30760.99496,1456486.293
66574.70999,5.550264729,6.844150153,2.17,69575.44946,1702406.039
91731.15438,5.184810712,7.94387972,6.3,33102.09542,1566471.008
75487.0326,6.453931678,7.737095684,4.02,41105.39063,1592210.176
58088.43813,6.017831001,5.790005274,4.21,51925.41161,937628.3467
76319.2186,6.873130198,6.294054951,3.45,48026.30837,1558547.578
60575.16244,5.907565592,6.964616002,2.29,32158.9679,1156329.274
69607.13367,7.077680826,7.833081192,3.35,34609.04022,1514349.692
67056.84048,5.222168522,7.163517523,5.25,25134.68148,1039107.326
60640.93188,5.165921529,5.355113624,2.32,43119.54066,809089.6719
69031.90888,5.779976246,5.501755138,3.23,15660.40301,675536.3915
80356.20939,4.660417824,9.710216896,5.02,16215.41728,1373589.804
60081.17662,6.768523696,8.204552838,4.3,60195.74627,1690091.019
61881.47931,6.519463053,7.114083652,5.38,35597.37289,1253370.149
59590.96529,6.891731041,5.736029404,2.03,24153.88252,774073.5619
89831.31929,5.20196372,7.719652764,6.37,45335.36028,1741959.834
72175.2835,7.421738946,6.828247305,2.09,50305.79541,1705762.788
67589.04884,6.21484263,6.060884656,2.34,33203.38392,1071109.917
77300.03144,5.260974726,6.936548024,4.49,29499.04095,1118047.991
65382.88832,5.39681918,7.648386114,6.08,41723.05474,1165253.033
71145.2127,6.152109975,6.765832563,2.31,35642.53034,1280910.19
61053.038,5.787890692,5.687062576,2.02,40675.77383,841122.8824
65125.94787,5.928483443,7.057757992,4.19,37642.78527,1228810.745
51949.2957,6.209803037,8.051118256,5.28,35336.06305,1086072.071
75897.98884,5.316933287,6.768229399,3.33,34162.67061,1204372.295
71468.3505,6.158043453,6.361238405,3.35,43269.03337,1345004.12
53287.99207,5.755609227,7.162322376,3.32,45152.01427,1116902.345
61503.0406,5.13081313,7.015317326,3.12,37650.86971,822431.7303
68896.04856,6.38632518,8.365074594,4.47,28394.60978,1360623.694
91159.41833,6.536045428,7.373850919,3.01,54861.0911,2298379.487
63375.34848,6.67234006,7.883780977,3.41,45633.19224,1400498.268
59695.57147,5.44538285,6.032795265,2.04,20702.80267,566848.7321
63183.88974,5.570561937,7.541807496,5.08,58691.20066,1367586.278
61177.80813,6.998928282,7.088385883,5.13,26396.29111,1113373.52
58642.31122,5.209923093,6.275371125,3.42,35131.57815,721974.5515
53112.27806,5.138651815,6.325363471,4.25,40367.38387,685503.9903
40366.61629,4.902939589,7.6171181,5.07,16349.36539,152071.8747
62207.47581,7.297532823,7.002864274,5.38,34317.53831,1280431.574
57477.95076,5.405444821,7.207172822,6.35,23649.96887,568703.1838
55630.48896,6.283122836,8.933119985,6,38943.09599,1200764.844
72399.30556,6.740676312,7.552269769,6.15,41662.00007,1607161.637
89868.89193,4.504274579,7.234479887,5.45,30101.72457,1421715.415
59801.49103,4.210462758,4.954387464,2.03,33534.9264,311111.2006
61957.1543,7.841080502,7.472966963,4.19,38448.49148,1338044.383
71123.43282,6.685810937,6.16923837,3.43,44020.1441,1417870.983
55202.70547,4.375933244,8.259044318,3.4,28424.95165,796389.438
79298.12201,7.188208135,5.336841156,3.44,15753.26664,1310207.133
65070.56701,7.143558507,5.579766055,4.3,24852.56515,994897.7278
68494.98255,7.230364893,7.265462684,5.46,13998.57121,1202987.829
55702.20538,5.551957132,5.648555397,3.08,40087.79561,768751.9005
57233.60849,7.893834161,6.036621215,2.27,37374.91924,1211655.305
85313.88545,6.033157792,6.633757595,4.21,23974.43557,1540418.222
60224.65171,4.675940133,5.428846667,3.23,42182.86211,712228.4243
73873.81919,6.789870886,6.630909086,3.17,33336.32735,1525533.407
63149.48523,7.156294433,5.518835024,2.04,37578.84687,1034218.402
58593.79404,4.662980906,6.333616932,2.04,39287.5279,874103.6606
73839.87242,6.446181952,8.274063584,4.19,47602.51021,1912825.285
75984.83111,6.725721311,7.887775836,4.31,42248.68586,1754770.59
82145.36942,6.54096795,6.876150329,4.23,25736.09605,1340066.913
69017.1828,5.777106148,5.783612779,3.11,55830.75284,1446756.863
75429.17898,6.818759161,7.570447111,5.48,36769.24968,1592768.242
69513.53892,4.122901533,7.641107312,6.08,14054.05343,660364.9813
57782.41708,5.159300978,6.332626733,2.46,33426.84938,861321.5807
74372.13845,6.56237959,8.184510518,6.35,34321.96015,1648246.774
63522.12193,5.538042849,6.952195766,2.04,31995.52529,977135.8857
61193.71483,7.647150882,9.086807717,3.21,33196.05984,1591934.19
60316.79073,4.308730208,5.564352875,4.12,33831.89363,695386.331
58469.9122,5.408899965,4.807387458,2.26,33547.98482,568977.0728
75179.90299,4.595920956,7.201635799,5.13,23978.0933,935590.8043
56186.96329,3.992027946,8.960742515,5.2,41855.65474,984311.7745
73225.0663,5.933498536,6.868603895,2.3,61830.53972,1796245.808
74338.92771,5.084714868,5.186852796,4.07,18057.17178,720080.2321
52188.11873,5.636892091,5.807401479,4.03,42495.75468,783808.4025
83311.10394,6.690551405,8.297556745,3.16,30386.36631,1598615.974
72288.6752,6.599434697,7.979877824,5.11,39146.9205,1564125.238
54866.21569,6.986763275,7.285434147,3.46,35192.84403,929480.6299
85759.65776,4.789357418,8.965705366,6.22,25897.75802,1414495.343
59453.34204,6.29111354,7.482571479,6.08,29697.64481,837668.1026
69878.7742,7.218330987,6.249192235,4.02,26814.17475,1197515.454
59243.29763,6.729520552,7.058764828,4.26,51405.35248,1232004.83
57853.3302,6.500094306,7.316551003,4.36,47688.2266,1285933.408
66643.31463,6.392834115,7.698007536,4.41,30971.15711,1361521.983
69248.29959,5.958735587,5.652694477,2.21,35990.10339,1090826.374
75129.72116,6.287836931,7.447318296,3.37,41620.2893,1475319.699
76209.99531,7.009045648,5.464338971,4.22,22721.6494,1066659.383
69342.37657,6.069486987,8.018121333,3.43,21641.97286,1117432.98
77630.95508,6.80962742,6.829667441,2.29,31739.88912,1420283.559
68929.15807,7.590878456,6.891969493,3.24,172.6106863,840272.8649
70990.80491,6.014814127,4.651974294,2.46,30904.25303,1024907.94
55860.68084,7.751794757,9.02450267,5.12,40335.22028,1494241.226
56380.9884,5.706260589,6.650904529,4.37,43994.24411,1125880.487
64306.33882,4.806617647,7.879677057,4.28,30762.36021,1082455.018
76547.9567,6.50322147,6.974804487,3.08,40564.64489,1554634.995
57101.71705,5.493161996,7.650205974,6.09,41104.46662,1011365.365
76192.65604,7.303749826,7.337589917,6.33,21245.84162,1432756.517
79585.55223,5.778524695,8.430787826,4.32,31773.3374,1612717.553
70759.8558,6.367973326,5.493294013,4.2,25981.831,973299.8618
76907.23816,5.205508259,6.462700239,4.21,21658.40932,679228.9927
64744.94244,5.900247576,8.467599729,6.03,28880.01759,1270999.939
51976.02393,5.354922556,7.375559651,4.42,36360.16875,910211.0189
61252.63767,5.189911336,7.191572627,4.43,40890.26603,1026271.796
58841.14292,7.754160967,6.916338174,4.05,39555.07059,1496729.536
79112.64141,6.357250993,7.8515296,5.27,33771.74049,1490539.058
76056.28911,6.480979871,8.245224408,5.4,28470.70147,1491838.494
52399.64822,6.804016971,8.971111959,3.11,18092.13036,996771.2482
77551.6278,5.535920946,4.679134254,2.03,35834.493,1064854.309
64160.81595,5.67760881,6.534959524,4.05,32339.00628,985749.7874
71167.03414,7.328943583,9.442325018,4.35,35174.87134,1952622.402
84963.66341,7.068466766,6.207145314,3.02,40447.01075,1754969.162
59712.82231,5.735499522,6.979752379,3.23,42601.84262,1122240.364
77733.73119,5.624500144,5.967832307,3.23,32074.57599,1236931.728
85707.07875,4.374148491,6.350156836,4.47,10424.41625,966084.4204
70280.36135,4.728804322,5.012885306,4.4,39662.74187,852268.6717
69330.74122,7.31890726,6.252757358,2,30097.83559,1280669.873
72988.70597,5.95937925,5.74843726,3.36,50566.6448,1190213.513
65697.82067,5.728201697,7.282106847,4.2,28742.12595,1123851.141
76245.21847,7.955766597,7.826124971,3.12,32016.23476,1689120.427
53546.87214,7.174569183,8.343557927,3.49,45504.20369,1573347.788
73643.0573,6.766853185,8.33708535,3.34,43152.13958,1696977.663
84774.45122,7.019666733,5.450658517,2.27,32383.55544,1414286.724
58140.94032,5.064855375,6.649447661,2.27,49337.53152,755292.1144
61881.16372,6.293585382,6.048295389,2.31,21397.4486,714706.4289
75312.25951,5.364982406,6.667365547,4.09,9487.921585,944001.5583
81328.8073,6.483153394,6.908829672,3.01,31231.5444,1523136.485
77931.47646,6.501686215,6.647662431,3.33,23182.60485,1422916.811
84602.59697,7.097245831,7.00842733,6.11,39683.438,1945618.658
72445.0333,5.488196879,6.509449186,2.48,69553.98833,1726719.067
57497.12815,6.674070665,7.524542188,5.17,43204.15762,1051123.833
87266.34023,8.248959366,7.234261404,5,45161.18768,2249122.541
62431.9381,6.798993828,8.599555446,4.48,44115.98342,1523915.145
72107.42807,4.54230638,6.981984299,3,29981.34654,1039517.534
55577.07175,6.533916122,7.162535697,3.47,19560.01241,818057.8953
62327.89441,5.233977928,7.285225482,4.43,43364.42819,1115466.585
73931.14266,5.662286845,6.9812466,2.46,29568.95886,1258178.804
63429.27469,6.362565275,8.441119043,3.31,37998.99693,1435423.708
73423.90295,5.975373486,5.810942512,3.49,34711.78242,1153470.44
75175.87311,8.561761657,5.197253905,2.07,22367.48207,1425603.495
56636.24613,6.257028601,7.863188943,4.5,28139.36846,1048350.692
67665.93963,6.467126893,6.333920562,3.41,24758.48906,1214482.379
65986.81794,4.531777656,6.860860394,2.15,24056.60447,821859.0657
54273.91488,5.550543628,6.798805806,4.44,24233.06146,753652.2718
75547.84162,3.992420475,7.332769653,6.12,40043.10216,1220001.334
70151.08661,6.724123387,7.706580735,5.41,15255.23776,1075675.108
74449.12174,6.223626136,7.392675062,3.1,24837.59073,1396082.352
66919.64032,7.826435952,7.320562834,6.03,18867.78162,1137801.933
68473.86312,5.74650959,6.232295865,2.19,43146.98202,1159953.593
76113.21733,6.377936931,7.736294493,5.07,26481.51177,1487849.876
61212.19548,6.408500651,5.538058083,3.5,32045.55987,1103072.439
59768.80592,5.805732788,7.425903425,3.48,26202.63146,897291.1153
78847.53637,5.573231808,7.027355369,3.26,20653.89831,1214320.574
75735.3429,5.761755985,8.065659921,5.28,37268.26997,1364363.375
77847.34897,5.23965341,7.282521302,3.21,30231.80829,1249092.928
56231.1618,5.459845342,5.014916517,2.47,52657.03375,946479.2349
89163.49859,4.692855436,6.010742815,2.27,44016.14744,1659805.184
62377.06447,6.289993194,7.21840033,4.46,39075.95638,1285399.565
68864.2823,6.00205394,4.9673884,4.17,29802.32138,898281.9025
82440.89576,6.291501388,7.037477117,5.04,27545.52954,1483848.169
60948.88088,7.161865646,6.22497133,2.36,39754.38814,1353488.416
69729.60586,6.168255827,7.24149204,5.11,31719.74264,1268703.811
75491.79999,6.299268667,7.33029276,6.14,26013.68048,1448573.845
80648.06571,6.35533372,5.881851885,3.49,35091.95553,1343605.8
84036.59865,7.73383489,5.740479724,4.21,32766.60197,1511537.745
76590.37671,5.940325276,7.691535725,3.31,40643.07833,1662038.759
63534.45596,6.46969413,8.017692368,3.23,38128.9837,1166673.195
67269.99554,6.325821835,7.472849853,6.39,41780.47369,1375633.373
50887.44007,4.458997393,7.063683439,4.16,47731.01076,839638.461
80597.1118,6.440796383,7.661280263,3.1,34487.57476,1638265.395
66041.12358,6.493916521,8.219394258,5.15,40163.97083,1385400.456
81316.38029,4.13269444,7.204458615,3.36,35589.59472,1153233.241
67877.02913,5.322287408,7.958894134,5.28,43300.95464,1370178.474
69306.95842,5.562622947,6.938908153,2.02,36851.38401,1181877.183
61200.72618,5.299694,6.23461464,4.23,42789.69222,894251.0686
70619.16697,5.890269353,7.935510756,5.15,37865.64855,1421135.815
69910.85188,5.899946659,5.630525332,4.04,38440.73729,1028964.474
64889.21934,3.727083933,7.655452911,3.2,25904.97991,923508.1257
69900.13396,6.327089456,8.366505984,6.34,32679.18766,1599634.465
79045.0398,5.53968589,8.20329527,5.26,24721.95904,1369186.07
76460.22067,7.030844864,6.629940742,4.16,46851.04219,1748782.809
58307.72788,6.381029538,8.308603108,4.07,25509.06978,1150877.735
56679.01602,5.096643486,8.971411852,5.49,40785.0273,1110598.755
58823.05019,5.711384515,7.168189941,4.21,38682.56933,1159207.085
80836.34486,5.7673672,7.421920927,3.02,49864.46977,1811377.221
67710.11298,5.854378134,8.48252252,4.18,25222.46242,1267443.398
70027.64713,7.336016031,5.360885834,3.22,40512.81685,1352547.693
36100.44423,5.778489499,5.497449839,2.29,44901.85734,599504.0193
67217.48614,4.617497453,6.264975083,4.19,23999.75522,717213.2688
63657.27563,6.415066656,5.810728687,3.43,36391.92539,1008712.575
71468.2717,5.483242752,5.49031182,3.25,36377.83735,1071596.112
62989.5114,6.550682933,6.60035835,4.46,36913.35067,1397341.856
69327.2601,6.162767487,7.109924045,6.45,31054.77532,1313304.588
94902.23722,6.370867095,8.423788158,3.01,41662.08363,2106510.863
79579.20471,4.826564705,7.111526404,3.44,31756.40564,1306458.906
73756.11862,5.250630616,6.404905702,3.29,59485.06632,1354928.95
65873.93941,7.309462287,8.56260323,4.49,39785.62784,1582765.592
52934.43579,6.027445797,6.464112096,3.44,46520.69219,847155.0413
82830.59353,5.933625869,7.124916623,4.13,32026.91225,1342245.969
73930.83995,5.281560667,7.681342023,4.16,42702.40328,1363086.905
58557.13128,5.30217342,7.035171036,6.4,54167.34162,1275318.562
51718.35461,7.509043842,7.10931161,3.11,49639.17324,1285923.734
69807.72336,7.424253139,7.25760419,3.38,51453.26516,1789607.526
79627.62859,4.692580036,6.287424348,2.15,31638.85497,1196064.33
97112.36125,5.914724659,6.133645727,3.1,51470.06764,1917583.999
74354.23018,6.85020814,6.147313624,4.39,30091.11684,1370274.387
72481.02619,5.980419348,8.459144706,3.07,45160.10161,1677204.246
73093.48649,5.695144684,5.780350789,2.37,41796.12563,1439714.281
51992.74329,7.186340287,7.138233914,3.32,21759.50613,1012262.712
66484.04819,4.825804425,9.069530122,3.37,51712.14409,1511743.129
81182.15391,5.251586751,7.188679025,4.42,34141.18824,1131154.518
79103.94328,3.786709298,7.420949611,4.47,25767.8186,764860.4627
75070.26257,6.680451317,6.261276083,2.29,44682.75733,1681316.362
44688.56382,5.480142489,6.485365977,3.17,25120.99203,291724.2456
73726.17986,3.994323302,7.105746768,3.13,28666.77112,1013252.209
64038.99388,4.025767576,7.526834227,4.28,54130.97595,1194709.628
69896.51919,5.980047679,7.992009255,4.25,38180.82233,1463003.056
73723.45535,6.5290827,9.152072899,6.5,24723.27865,1453327.916
79996.61103,6.11384862,6.744617688,3.2,28067.63161,1291506.386
61538.90779,7.23397367,7.380798426,6.29,51154.13258,1625508.013
47065.0533,5.76757471,7.266027597,5.49,24125.87581,566896.2123
82381.54875,4.695568136,8.045728241,4.14,36655.12894,1468513.244
80857.44245,4.801958518,8.837002372,3.12,44385.31241,1573105.981
60893.76408,4.128879951,7.522948688,5.18,49076.75735,968360.5234
66356.05996,7.48094133,6.725864179,3.19,38022.8382,1309985.887
78438.36946,7.475217032,4.994689786,4.26,35220.38316,1361219.3
61215.57661,7.488368606,8.791775366,6.14,36495.17095,1465120.47
64907.98025,6.766015619,7.80646322,5.4,46677.2744,1571464.965
80008.66783,4.847002321,8.672978876,5.41,45889.89049,1629098.182
71356.30273,5.156588693,7.175189117,5.18,36998.47979,1182335.68
72432.70034,5.877126915,5.761669848,3.2,35039.46939,1010813.709
67284.47485,5.435725734,6.449025947,3.3,24942.88585,924728.5374
62653.09246,6.543983828,7.884325909,3.28,41467.86766,1382110.278
63968.60858,6.42853384,8.599781516,3.32,27404.50027,1366727.663
74233.94584,6.495344396,6.618398933,4.02,32875.76905,1297849.764
59729.2526,7.560599416,7.270138268,6.47,31202.18742,1196687.687
81132.00429,5.646510162,6.896793461,4.12,32311.85324,1281113.315
68500.81624,5.84297074,7.031799423,5.36,51746.72764,1530729.578
55050.30809,7.20944363,7.153039164,6.2,29423.82757,1208664.863
76840.45801,5.533214496,7.447127443,5.2,29860.07831,1417275.667
63428.91645,5.328192738,7.311134732,6.13,42996.60608,1195601.962
90592.46961,7.70013211,9.708803015,5.19,37223.87617,2469065.594
56685.01444,6.958044864,7.502115314,3.38,43322.16685,1223100.542
69230.74974,6.472118818,5.042575354,2.27,43072.19661,1220276.551
68916.65376,7.002128568,6.285246737,3.09,42744.82854,1311765.141
60509.04459,7.126074829,8.527952465,6.29,28410.30375,1198313.598
85719.31562,4.537668422,6.029203977,3.19,32058.35624,1187609.122
62134.02206,7.445436394,6.808878929,2.2,32157.13169,1399662.584
73435.17519,6.372610689,8.869466561,4.23,36239.55617,1597776.771
55612.76294,7.691464822,7.186177831,4.22,42258.53738,1355022.283
70879.9083,6.739317782,7.626799142,5.47,22431.60626,1137059.188
67461.44623,4.891102691,8.002542521,3.04,34573.11218,1053815.097
84439.85575,4.313977841,7.698764603,4.48,19835.24732,1242421.532
67802.30909,6.006171337,7.794364246,3.11,36129.69101,1222041.016
62685.27075,6.057649472,6.766129639,2.17,42018.93857,1025461.134
71392.47389,3.997533151,7.839552495,4.26,36009.70034,859427.9793
59050.53429,6.053873157,7.267597143,5.01,37741.35882,1279803.95
87895.86521,8.057346518,5.637279177,4.13,23876.13221,1671669.452
70276.40492,7.073681923,7.13254045,3.08,26630.48373,1525601.791
72640.26405,4.441899293,7.906105021,4.27,31470.61746,998773.9973
62894.12724,6.775334135,6.641306834,4.22,20317.21375,1012321.574
50846.00806,5.272233698,7.937358365,3.12,45357.00431,1252419.196
78688.29319,6.359688876,7.349121497,6.39,47812.01849,1869313.107
76397.04314,7.616643686,6.764442872,3.23,45281.18657,1800685.922
62162.62813,6.223896597,7.289358525,6.43,47747.3639,1393100.423
75090.75512,6.062755515,6.368791728,4.29,39456.87209,1166558.374
61801.46537,5.064611431,7.481091173,5.49,36326.69694,988175.0074
77429.83343,6.961396906,7.199332031,4.41,30108.24133,1540480.613
74388.60126,4.273992745,5.57526046,3.05,33763.08394,866142.1839
62566.56264,4.937434807,6.346327564,2.41,29365.60761,557362.2043
68894.84507,5.930501633,6.974340367,4.47,28851.6014,1033290.975
68738.36521,4.186458038,5.987896444,3.44,47445.35917,1084945.4
74277.7199,6.987280238,3.236194023,3.42,50233.79031,1365081.178
81280.91056,5.875971757,5.227988168,4.12,34933.19629,1239459.815
86305.36514,8.064452551,7.203915755,4.17,37854.37345,2056692.768
59302.22958,6.790821808,6.431430338,3.4,25296.73583,1045395.329
81385.22312,6.119687512,6.083928892,2.31,47897.15663,1679204.741
64115.06377,5.858157004,7.336340464,5.39,34312.41251,1158742.83
90436.98217,6.821881251,7.630184981,6.06,13340.49243,1647278.685
75940.76389,5.561739644,8.583309247,5.24,49974.87944,1702090.635
70102.72634,6.646559611,7.110696223,3.21,28280.9992,1379386.383
69950.96252,5.48771254,9.462719992,4.04,23733.79424,1358526.741
65736.34642,5.639329458,6.299807262,3.13,32964.01822,991398.8219
53825.01308,6.486062242,6.458296196,4.42,27373.15328,957117.6472
86625.48184,6.830319022,5.64536314,3.38,42758.66645,1638969.269
69376.19257,5.038331737,6.050791519,2.15,18226.17943,714142.2407
68423.02319,5.594251333,4.458940625,2.21,13345.56449,760876.0222
68720.92171,5.404097947,6.699021847,2.05,45887.34562,1343537.178
70005.85362,4.516448215,6.470649695,2.27,40325.17418,1056993.649
66614.62913,5.702618665,6.66750525,4.5,16654.26131,1088222.421
58978.22219,6.65834561,7.889947558,3.01,44071.60463,1308983.632
64538.57112,6.189855327,9.166350403,3.46,36678.06362,1548322.501
76008.08024,5.457043917,7.756919908,4.41,39842.86297,1411749.107
87119.12147,6.831473302,6.654884952,4.17,34671.59841,1601904.357
62850.31598,6.249503548,7.474265068,4.31,37764.36224,1277297.483
66295.08116,6.19439163,6.914308887,3.31,28112.16904,1061552.022
63185.83685,7.095153274,6.8242861,3.01,40080.6906,1115013.147
74256.17524,4.259876465,7.483565029,3.02,34684.09713,1020842.531
71668.30003,7.513542037,6.703125019,4.3,31352.40923,1440961.857
54476.23769,5.659123168,6.41017391,2.45,33533.91966,817377.311
85281.68718,6.860059982,6.807331848,2.47,22887.72189,1381536.934
72137.83744,4.853665891,8.675574518,3.46,38259.2238,1273067.036
66112.53645,8.236623014,7.009803231,6.31,20795.15006,1376714.674
67047.181,6.44025247,6.699206813,2.08,37937.1943,1293746.876
89358.86602,6.147845579,7.378950007,3.46,34063.60356,1750908.224
50189.1408,6.925375603,5.1947819,3.3,35043.81895,555811.4067
73119.72041,7.058045773,7.146514915,5.44,35426.69013,1578829.012
67972.63008,5.496668278,6.337285588,3.22,27865.33079,911202.1683
71739.61218,6.571495853,7.719301234,5.18,37030.72731,1628751.935
67292.60387,5.611772057,6.867242299,2.11,41837.85872,1245400.955
70243.43512,6.21027074,6.363084014,2.13,24647.90591,993725.2172
78274.52643,4.910953601,8.621772096,4.08,56299.7726,1816099.138
84332.50332,6.182493965,8.756044656,4.07,33107.34283,1570583.34
79550.64138,6.637633898,7.531227671,4.05,43636.50449,1626321.321
79698.22092,4.102335552,6.912506242,2.29,42046.3404,1262494.287
71188.83351,5.695897215,5.856581441,3.08,40656.12969,1185226.617
74605.03536,6.872089194,6.105858132,3.1,31638.22991,1360329.359
71222.59783,5.217987014,7.758415332,3.37,54677.97282,1350459.116
80972.99647,5.470850799,6.913134346,2.22,48036.61012,1556987.724
51044.2917,6.067487348,7.783690871,4.17,37730.00709,886036.1295
65066.54356,6.200391541,7.579479162,6.4,27940.28442,1129613.01
76259.82522,4.946107518,7.12451931,3.32,19262.61425,1070240.02
77456.40573,6.394246586,7.205733258,3.48,37997.54792,1587015.357
75376.9516,4.227764832,8.182415082,3.26,25548.51424,1146321.581
79674.43426,6.334673345,7.991329323,5.41,17862.7275,1377447.349
64408.08587,6.311198444,5.903083907,3.06,40817.89,1113570.852
67932.01032,6.77233639,6.222862551,2.16,51145.32062,1593836.785
75146.80359,4.454425782,8.509775274,6.1,55577.96645,1560746.866
55378.10435,7.044519672,6.565375468,2.26,41416.97915,977980.9211
78113.49969,4.844146012,6.747509818,2.41,43345.60758,1292592.392
81516.98657,5.397718982,8.504044902,5.24,33263.14435,1458912.584
70306.6799,6.792255503,6.132714372,2.49,29572.38924,1037780.48
91392.41934,7.320676246,7.498418863,6.24,33379.6764,1792254.818
51110.93411,6.068556846,6.906695715,2.1,38408.27206,882170.3184
99629.01358,5.431862976,7.351397521,5.45,36950.73906,1883481.075
72656.92618,6.652657092,6.231167774,3.06,38568.07963,1268600.361
71938.00237,5.139113766,7.572943157,3.17,20097.1385,1157189.438
69503.15045,5.258393115,6.873655818,4.12,45266.52944,1180989.324
75287.52728,6.796332429,8.493990921,3.29,39219.52988,1813043.926
56753.73014,4.945615214,6.240884739,2.04,52718.24234,866666.0554
78044.35165,5.686293112,8.05074733,6.12,43771.64636,1671350.14
74838.65747,5.919090479,7.543276404,6,23637.25637,1137467.586
51580.09906,6.446352759,5.070184059,4.24,37511.33915,711499.2446
85260.65515,7.578855091,6.119832859,2.14,52358.79317,1940195.374
49733.31051,7.817418542,9.410156957,4.18,43558.8253,1496466.357
76751.88142,5.255407345,8.205980045,3.16,32295.76549,1448995.115
64595.71155,5.857966088,6.075797822,4.02,29668.87669,924271.7911
88794.59963,6.323865593,7.060329951,6.11,37994.97385,1747004.583
69909.07866,6.434539658,8.301310137,4.05,39347.13568,1576286.214
89908.77306,7.030649618,6.506991389,4.39,37295.99683,1712280.706
76278.75269,7.11005271,7.340614471,4,49250.7059,1852375.507
55405.12012,8.334376723,6.084508514,4.38,18257.14925,1007596.043
68270.75669,5.675103554,6.795504431,4.42,31159.28871,1034779.19
71275.3149,6.311996291,6.40694457,4.45,28922.95889,1006544.527
53079.79601,5.24116251,6.393980784,2.33,33083.43471,736798.5333
66690.97247,6.801245634,6.677087285,3.32,22619.11464,1109006.287
61644.17361,7.163657225,7.75175405,5.17,27809.13508,1384140.227
80015.54973,6.14098961,8.848999368,3.15,52469.76545,2084883.79
62591.86149,5.308936928,6.767455055,4.42,32210.42844,801194.6198
70673.84254,6.204022608,5.877785179,3.06,58256.11476,1412242.755
82535.28052,7.250403733,7.506903351,4.14,43272.31005,1890789.177
82610.44538,5.879915504,7.438630683,5.24,34880.77042,1841904.243
84776.70849,6.077935134,7.131393662,6.31,26952.55681,1467075.169
51918.54687,5.892496999,6.708809212,3.37,24734.40652,661043.3565
68858.03162,5.527126902,6.282827422,3.21,28846.95052,978035.3448
53418.53531,6.334282673,8.424079331,4.01,33572.74697,1250882.292
70696.40245,6.515076987,5.87583185,3.33,43313.16512,1409238.798
70902.30487,5.613920924,6.415893843,3.42,36768.63393,1162746.621
62043.17585,5.824410874,7.043611453,6.44,23249.82461,878862.7457
61411.41703,5.669181494,7.091345492,3.29,49175.33938,1338424.788
58293.43194,5.709771696,7.404870424,5.13,45033.389,1094347.968
70851.59901,6.232564644,6.900568875,4.07,27024.98663,1195897.741
65669.98453,4.73235732,8.105671724,5.05,40115.76381,1050239.904
64823.01584,5.079006175,7.053927147,5.12,36481.32775,914231.2923
68363.25907,6.30636892,6.35862933,3.35,20667.90293,864483.7585
70596.85095,6.548274287,6.539985895,3.1,51614.83014,1599478.986
67947.39745,7.097452091,6.920409265,4.38,35681.15262,1336356.233
96807.43691,6.182167977,7.301723912,5.07,29269.13734,1808341.466
66733.63181,7.402303153,7.219763304,3.27,35193.2115,1424283.373
80665.00157,5.69805435,6.645553737,3.47,40952.01693,1471799.676
75378.62764,6.596081195,7.103157515,4.15,28300.6076,1347622.483
65198.94339,7.1079515,7.61216851,5.1,23580.86919,1163741.658
78739.2246,6.528647477,6.332676905,2.28,28884.04164,1450624.524
66697.53134,6.532590685,6.014092419,3.12,25896.99089,982298.0366
58822.04321,5.131804628,8.500956441,5.28,34141.83201,868314.4736
75093.95694,5.624360626,7.391411758,4.08,27247.95256,1231511.931
68709.27916,5.118864117,6.449323694,4.34,16668.26686,663128.8401
68192.53017,5.75933535,6.194613051,3.17,46821.31972,1210496.625
84090.36174,6.419298756,6.88291844,2.06,25127.54884,1409033.071
69277.75898,5.322269839,7.206177863,5.32,57408.31289,1356384.668
63833.38804,6.93008843,5.722587426,4.06,28928.91819,1125476.202
70698.78409,6.746762462,6.749401542,4.01,22987.66824,1129975.817
68258.10605,4.425809431,7.487692924,6.35,36205.14863,1003642.627
62699.43922,6.358746643,7.460134655,4.28,37816.3377,1306367.811
76933.60611,8.540364464,7.43854426,6.43,33433.33877,1775874.76
65959.78116,6.666783161,6.08764965,3.42,29803.17135,1036685.241
78020.03953,7.042713319,6.573968615,2,49601.23864,1869929.202
69559.4963,6.520454687,6.80432412,2.49,42013.7324,1381085.729
90890.48581,7.510170525,7.595486546,6.21,45519.25627,2252243.34
56901.09377,6.805948234,6.474248437,3,13704.35075,787039.6447
59206.16527,6.043693161,7.78061454,6.02,28805.35549,957283.6564
65302.37247,5.89459679,5.842130449,2.49,43818.67866,1173695.292
86369.24033,7.126819682,4.807452587,3.4,43683.30256,1713161.699
71499.91566,6.024763926,6.511808719,3.04,41870.90839,1325503.454
69312.98192,6.611320094,7.562436938,3.27,44237.12104,1501497.532
77797.39496,7.440520777,6.229360043,2.06,33847.01451,1573580.234
55631.29777,5.349931577,5.768682534,4,30884.45099,693566.7573
70836.01135,7.0712945,5.988527098,4.49,37047.88256,1524586.787
62152.60603,7.034052002,5.569340161,3.17,42785.08178,1048818.21
66919.91548,6.371179256,6.673256383,4.21,38858.87649,1310764.112
79868.12243,4.455360136,7.40360063,5.05,54228.0749,1537329.57
73145.4597,6.426441855,6.708181952,2.19,41209.03078,1244881.363
54535.45372,5.278065149,6.871037561,4.41,30852.20701,732733.2363
72240.12696,4.7702735,8.599319668,4.19,25012.86978,1095806.626
47266.34392,5.414565601,5.379363225,3.4,33421.95541,476006.4445
82551.53961,7.746032249,5.216144084,4.43,40086.08586,1599911.368
72232.36595,5.791634958,8.460741393,3.37,49668.50107,1675825.721
71624.58537,5.646393371,7.438335529,6.03,29089.78359,1175868.999
71670.4485,6.630034548,6.529723046,4.41,31709.34046,1135079.345
86157.17573,4.986312079,6.475843395,2.28,62963.75539,1833208.579
82416.13226,5.379463351,7.148236136,3.41,15290.31706,1120349.773
69566.74303,5.784637307,5.654256368,2.36,37491.14691,1080735.984
66684.34727,5.553655007,6.965764486,2.04,37226.30715,1168574.666
71743.48382,8.182597765,7.658973254,5.01,44674.89103,1919693.23
55473.73632,6.368083311,8.177970777,5.26,48021.89287,1466605.774
66261.61649,7.116363924,7.766273201,6.03,26264.32179,1234037.236
65380.31624,7.525690557,7.346028356,6.15,21641.4762,1269486.337
73431.52793,6.373574216,5.548952363,3.33,31148.10331,1176111.788
76169.72844,5.772571885,6.429240597,2.23,50352.41648,1371298.425
72630.65101,5.368865349,7.193351833,5.34,34119.16671,1246509.14
64601.80273,6.035878341,7.630095678,4.15,24117.45838,1020268.855
55995.00731,7.797744345,7.03104064,3.5,20895.67945,1130415.41
58301.73272,4.923842083,8.058463315,6.39,32759.44783,890559.861
66579.51999,7.861372123,6.990591389,3.12,35826.71023,1417158.537
73829.77774,6.130262508,6.182842582,3.5,51385.52324,1376492.925
86640.8016,6.047921744,5.652140784,3.03,22432.13983,1306207.111
80535.00342,5.659574664,7.556496736,5.37,25691.68458,1275208.577
51474.30702,5.572671932,7.50901234,5.11,38952.18917,902520.94
69333.68219,5.924392329,6.542681826,2,17187.11819,872312.1738
55554.79675,5.849590798,7.753369654,5.03,44903.44532,994517.0453
64055.28418,7.552890547,7.337229454,5.21,27804.60516,1289008.217
76811.40182,7.932389745,7.3729051,4,27770.24891,1610006.605
78030.06933,7.070276512,7.089957773,3.43,42432.70958,1843720.648
76921.67563,7.397609154,7.097598214,4.47,44920.65789,1891949.348
63833.84316,5.667070098,7.983210474,5.28,34481.67331,1451078.093
69120.09299,6.724576165,7.114040067,5.21,36631.92686,1481940.762
65454.97423,4.443153288,8.005585409,3,47740.63899,1144477.879
53067.1696,7.798946099,7.226648713,5.21,46132.75451,1279945.51
59519.20835,6.160150424,8.764793543,6.27,42176.86419,1193021.312
64724.68649,7.225162105,4.869230945,4.41,43833.66369,1167119.109
83936.74963,6.689880078,5.584221042,2.15,25569.36831,1225612.763
70298.13952,6.579477075,4.43244788,2.31,33457.74573,1131618.913
79337.32565,6.261758249,8.296472748,3.21,41521.38461,1697501.605
63578.82315,5.783592751,7.172294917,3.17,42322.61326,1365496.885
65124.65602,4.886833901,6.370539309,4.1,19161.7809,622449.6452
84364.70733,4.698058035,7.107708222,3.46,50521.10423,1551094.815
76287.4682,6.654227602,4.985136207,2.27,35212.74388,1299126.83
56433.01085,6.479053952,8.542278467,3.13,46058.86914,1290324.649
83406.74332,5.280738899,7.341589191,6.29,25350.73547,1183884.005
74867.50582,5.568082321,8.426960904,4.42,33768.51285,1305934.325
55698.37442,6.957262275,7.575850909,6.32,49506.83061,1279117.965
59575.62144,4.030105163,6.979466291,3.35,37153.85262,786559.0249
69605.56602,7.58863366,7.400270375,3.07,35427.14865,1588196.233
67663.97161,4.661541159,7.790517503,3.01,30546.448,976649.0166
75354.4149,6.77431736,7.36243939,3.35,21574.47109,1250866.567
63750.21601,5.525518295,6.941237828,3.03,40582.00027,1046627.052
72263.21441,5.91722707,5.336456813,4.04,28428.30127,1115935.277
69246.15092,5.763367118,6.492639033,2.24,35005.79155,1077813.593
65465.53989,5.809591752,6.735937383,3.38,31297.52713,1047689.266
107701.7484,7.143521708,8.518608175,3.29,37619.43993,2332110.74
58829.37333,6.846644529,6.462523336,3.2,31236.58232,956435.2633
94650.54944,7.191396842,7.354176826,5.15,27797.78112,1892623.546
49851.13478,4.684995683,5.259695412,3.04,32511.84627,283208.1322
61522.93112,6.154820119,8.70703545,6.46,30398.57294,1176021.375
59082.00095,4.980779889,6.77289269,3.43,33462.67269,783818.682
80732.1713,8.151365564,7.106488519,6.23,28954.69773,1625703.075
88222.04239,6.986028567,6.879693934,2.15,34795.32008,1961846.905
70651.68514,5.47517822,5.740486568,2.26,35339.56993,1084556.029
79289.10799,6.045377972,6.031407265,2.3,41321.11197,1428247.074
73969.66467,6.446537103,8.216773467,6,39663.85423,1634945.808
62857.07813,5.060886422,5.861576421,4.17,48339.9406,915992.5578
72991.48165,3.412865926,6.49408094,2.48,50626.49543,1042373.524
62794.96597,4.206346468,8.480848339,5.33,31162.06331,879618.3222
71806.36195,5.725585477,6.220975939,2.45,47563.23158,1210431.684
69584.65691,5.367761195,8.048969161,6.19,17045.80773,1059262.039
62357.03095,6.725271357,7.126592432,5,23382.53939,972417.8089
59716.73664,5.447704768,7.336633321,5.06,41273.00907,1242979.154
71093.69196,5.874953196,5.871745805,3.26,37143.39873,1096846.086
76336.06984,5.575612395,8.032757197,3.45,37258.19982,1392685.285
54762.0543,3.802598991,7.554406493,5.47,58460.27986,1080464.852
61666.1515,5.77058657,6.178077704,2.35,34605.02957,821413.1935
92280.49747,7.258627482,8.222633273,4.31,38004.14521,2237778.026
74312.89823,5.543698858,7.957794538,3.22,43906.74417,1518319.641
70026.92525,6.078591256,8.190954956,3.14,38102.46556,1503552.206
68524.19436,6.312452422,5.564721388,2.05,48112.39408,1219154.403
87927.96606,5.586270688,4.7844429,2.13,34724.16282,1276259.018
74082.02275,6.757647964,6.942989831,2.44,32617.47347,1400496.655
72245.3376,6.094814233,5.870545006,2.01,25508.78544,1127174.713
63555.45973,5.223108351,7.528388439,3.16,41839.48396,1251663.851
74170.66239,5.853493968,6.674787231,2.1,40719.23735,1469354.782
70005.69443,4.915490826,7.387976068,4.3,25136.21543,946556.2637
67547.87107,6.524721338,7.381224842,4.18,28131.71902,1150658.595
61776.61566,6.834478651,8.285496304,3.05,27970.52173,1325819.913
69200.66427,5.609022494,6.571301756,4.28,31085.32304,1150093.889
66887.15243,6.032404649,7.397905268,3.35,23806.23576,1009142.338
83201.02149,6.375424294,7.041855436,5.15,43837.42476,1705276.19
59944.64516,5.573279881,8.019014599,4.19,28999.12825,829794.8233
53676.37215,6.017914884,6.709152749,2.31,47027.06248,1046442.634
64074.96149,5.432982248,6.652975581,4.5,40211.10647,1152269.431
77324.39733,4.738891648,6.842773256,2.4,32839.90146,1091479.56
76870.35628,5.359763922,5.892953879,4.32,25655.86712,1039915.341
55897.31438,3.995153644,7.705864803,5.27,31094.11082,565732.8175
87765.52423,5.406981272,8.244632763,6.41,39910.33971,1739628.383
78331.93253,5.892961875,8.489496905,3.27,31032.85907,1442128.732
74569.85807,3.744902467,5.370162144,2.06,39183.9578,1004124.909
87314.63582,5.070005756,6.684680096,2.18,25224.64592,1143621.36
78019.85596,4.618789366,6.180845251,2.25,36689.234,1060241.2
64432.61434,6.954520829,7.006551311,4.09,50851.06038,1548962.888
74332.85047,5.284318166,7.518827433,6.35,30212.43884,1056984.182
74664.33664,7.796604331,6.412060235,3.25,23817.9026,1447353.264
73406.21728,5.531907671,5.995248573,4.21,38073.5192,1251566.478
58464.30507,4.964391034,7.410521157,3.26,25157.45429,751969.2117
61600.92573,4.913081801,6.508818009,2.38,37457.80723,764955.4982
75155.18265,5.825465356,6.139857974,4.46,51562.59493,1539958.931
67828.91266,5.616237027,6.251224246,2.32,27127.62794,962747.1639
50144.73988,6.121600252,7.647020069,3.24,43233.325,1353854.478
86557.25246,5.016626686,8.720522984,5.25,42757.44428,1850525.573
87733.86256,5.662564675,6.409772532,3.15,43943.47926,1778411.665
65846.40694,7.315088749,8.235833085,3.29,22355.22119,1369006.115
45551.40297,6.91702898,6.441014974,2.48,49839.32178,1197975.085
89946.9002,6.601665974,8.29257598,4.17,40502.7397,1930143.831
72792.67074,7.835039543,6.876103638,2.4,34104.36601,1481946.194
68709.10049,5.99444191,8.583188696,4.38,31659.70025,1347578.53
87506.73197,5.430800355,4.947302123,3.13,32699.65258,1358646.746
62862.48802,4.606130739,6.724241154,3.37,37254.69839,931768.0455
59054.13026,5.350416528,7.019923508,5.24,51384.43323,1205962.995
45978.39092,5.215220595,8.425840675,3.02,36062.78846,792146.076
80281.41683,6.213365521,8.32510576,5.27,45424.22353,1618670.884
65908.73975,5.296992962,6.830251968,3.29,24080.58935,864446.7942
55930.14482,5.538518713,6.586596188,3.09,24898.73888,662630.3439
77587.94723,6.13879433,6.819864844,4.37,37280.44201,1485145.661
62636.8301,5.863607067,5.796622943,3.18,51456.29763,1047226.967
76142.11983,4.050263913,8.53440979,4,41931.4683,1392793.814
63524.21761,6.295071682,4.811622635,4.31,48123.70594,943575.1307
85673.3062,6.592507214,6.368278688,2.14,33110.5602,1793398.718
49268.37307,6.269166301,8.091053212,6.44,41349.04041,881273.1168
87978.41434,8.157806215,7.657627412,5.11,39586.43071,2138713.943
78785.27727,6.60606667,6.533764769,2.12,33603.48416,1540869.872
79271.90498,8.369497314,6.559628742,3.5,28904.21789,1707650.436
62755.45277,6.109440991,6.79627685,3.07,41525.3777,1025705.134
81944.65491,6.065352411,6.913781564,4.46,34262.32384,1541186.254
67384.00037,7.224280911,7.809918772,6.43,48918.05536,1930344.449
67282.57297,5.997033358,7.746836473,4.44,42768.9123,1481146.95
57869.98449,5.13588336,6.232450675,3.13,44474.70188,1099725.283
64967.78483,7.054468389,7.316483227,3.26,28164.22161,1190867.437
69700.74131,6.570369194,5.335758659,4.37,21934.89864,1070318.815
74490.63924,5.408652545,8.457362267,4.1,35563.45613,1358213.906
54827.03231,7.042026516,7.844325517,6.01,45027.11401,1198725.487
74369.6686,6.840974542,8.225972138,3.27,45991.85697,1774715.484
81357.86976,6.09113683,6.464254235,3.5,51019.21242,1538903.993
73185.62021,5.814261735,6.967134875,4.5,54680.64442,1462360.601
53526.93343,4.581133357,6.426074813,3.1,51611.11364,953261.9162
64736.28408,6.863400475,7.010253183,3.15,47717.13619,1427108.501
68488.61746,4.742984602,7.445724233,4.03,28298.49476,769576.8637
49424.26712,7.05347343,5.110956386,2.27,18656.64243,668255.4804
62032.95947,5.235210947,7.083483134,4.39,25267.10761,800809.1317
64506.79006,6.384603897,7.5514293,6.07,41521.43993,1427202.279
51178.14802,6.591952428,6.988851757,3.1,31822.06604,783566.3279
64290.20571,3.648545707,7.368073057,3.44,54157.29516,949072.2496
61482.24479,7.090474728,8.101403538,3.06,50245.27162,1693591.835
70130.56063,8.195316829,9.570048159,4.07,26794.25502,1675557.271
84923.39536,7.203931668,6.363733643,4.35,43231.6173,1943359.768
63233.73313,4.920192289,6.528068683,2.37,49272.461,1106261.274
53776.63203,6.765543807,5.945896722,4.24,29324.00264,978766.9139
67125.14983,4.96994317,7.639188434,5.37,22651.11135,997827.2538
66007.93861,6.353734757,5.185860953,4.02,45399.55912,1062206.321
64838.4929,6.437157062,8.699543873,4.02,32921.01007,1382172.294
83889.43598,6.531948057,5.921215989,4.5,17957.86337,1281741.163
78846.27009,6.723852343,7.647121762,6.1,41261.18878,1592664.7
72556.20088,5.382984046,7.245610106,6.42,31487.03672,1247557.695
62069.76279,5.535626528,7.347449707,3.35,27098.84396,779207.5546
88697.61952,4.735162617,6.602560307,3.48,29935.90416,1222760.858
57216.21282,6.855447634,8.234530691,6.32,35046.01314,1380715.315
53712.14081,4.229270472,6.875062831,2.38,31913.69653,704884.1544
77330.79471,5.93523864,5.78641233,3.45,49571.1057,1530480.688
66556.38765,6.321891117,8.369451056,4.21,45325.65586,1780415.438
74864.37031,6.337004614,8.035623147,6.21,46250.65372,1709667.189
62561.56095,4.727889358,7.928356117,3.23,37446.16768,852565.6269
77821.62437,5.259911725,6.660626274,2.36,33932.54516,1185310.267
79579.993,5.805388791,8.692723427,6.08,43214.76502,1795093.034
69923.34867,4.095953719,5.932069891,4.49,45202.13987,956241.9913
63879.68073,4.877193259,7.117112139,4.39,56266.97406,1224454.547
59154.68474,4.486941357,5.936286875,2.49,26567.50608,552279.214
52835.26226,7.741143614,7.520857506,5.28,34537.001,1186357.179
63750.37363,7.378244345,8.791163731,3.4,47248.05759,1582261.701
81741.63202,5.488727065,7.874564489,5.25,29755.50821,1478028.174
77594.60276,6.547168411,7.015781826,5.35,24293.63308,1386306.103
79843.14633,5.775992038,7.304337593,3.24,42452.94119,1424786.509
77081.68075,3.644175062,7.197069085,6.42,40080.43542,1206937.316
70713.64043,4.817919945,7.773536289,5.22,29436.45405,1209287.535
63797.99896,5.750618205,6.860745166,2.38,26626.53416,1029869.764
45914.01122,4.897860862,6.119878765,4.16,26309.23832,300464.0987
88190.46896,5.149776773,6.769516686,2.1,25177.48795,1294278.118
72010.79507,5.648822124,8.100920819,6.43,16376.64122,1251757.193
52420.52553,7.326976844,6.010627933,4.29,39766.41957,1128403.366
74748.15451,5.429629503,7.424722959,5.43,36071.7552,1363669.069
80913.46083,5.562565511,7.143813449,6.25,30034.33954,1177744.973
59480.04567,5.205825325,7.748963785,4.33,43703.77758,980274.0699
80951.28339,5.450699153,6.323822116,4.14,38990.80712,1524115.891
63856.3085,7.456390109,6.844399336,3.41,31114.8974,1311902.534
74727.88857,5.793124435,7.124513456,5.11,27639.05883,1119992.619
78095.35263,6.837193059,7.119862076,3,32346.43499,1538922.903
69689.6297,4.065513078,6.311314926,4.46,27438.68941,843633.1982
54973.19372,5.426987047,7.136285579,5.45,40412.72218,903301.9933
62571.35286,5.945193547,7.176352932,4.37,41465.11563,1161995.728
69370.93005,5.140142495,4.658690271,3.42,33732.46287,733299.7945
82415.25237,7.050921403,6.456360286,3.08,46297.58121,1837930.801
52864.75931,5.994728233,7.852066885,3.16,39156.98102,962028.7008
65855.86324,6.564119268,7.709617653,6.4,45528.53724,1477765.148
61310.28003,7.951206605,7.13125578,4.39,33201.05371,1419345.607
39411.65279,4.385844659,7.047435339,4.44,45851.3983,539483.3966
77265.7483,5.387078609,7.600015977,3.46,21558.37575,1097701.943
74777.76433,6.338634231,6.650801681,2.2,30013.29805,1412274.486
67474.2798,3.278227596,7.938421221,4.12,34971.53955,1013443.438
68848.19668,6.778112479,6.085627686,4.16,25880.41441,893919.0388
66148.03832,6.326840293,6.842533838,4.14,31574.41047,1234531.601
63595.95836,6.124785472,6.682731041,3.22,19345.40638,864702.9339
60741.56973,6.252128678,6.715733778,4.38,24534.37105,977024.1102
73540.62894,4.421746778,7.049997801,5.24,39756.36603,936148.5119
74633.9417,5.745854007,5.627387829,3.4,30600.60461,1056976.975
62016.68605,5.762634689,7.791948979,3.45,35750.28631,1040607.312
84249.8608,5.862843292,6.160323135,4.14,44571.37813,1641101.519
44247.14904,6.453832512,6.166052316,4.38,22011.94593,503065.5056
59473.98832,6.926414489,7.772294448,6.19,41215.29823,1296146.939
67839.38147,6.902937655,6.927319958,3.46,26377.26824,1164209.619
62972.00399,7.161397225,4.626558167,2,33869.89954,999814.8898
61162.58025,5.896315848,7.880521416,6.04,36033.70143,1060897.689
87472.25699,5.543774149,7.340992379,3.32,48306.7974,1848633.724
48692.97596,4.597834172,6.25906992,3.02,36239.39412,617157.9103
67858.50166,4.948624044,6.228655544,3.34,29708.75808,857697.1255
72332.05826,5.744597578,6.869613492,4.41,45804.32891,1253434.398
80775.9033,6.148563983,7.744385348,5.29,26601.55793,1635092.433
75151.10555,7.299214839,6.596280173,3.3,32032.14109,1524845.422
62095.03681,5.954461825,4.707758996,3.24,36183.2878,763869.6667
75759.48996,5.254822469,7.510711574,4.11,46188.16509,1376637.506
64374.30729,8.389992287,7.063085614,6.23,23251.0467,1244440.135
48147.87075,5.972172601,7.877403593,6.44,32050.57593,693931.5015
64127.44061,5.611310138,6.992732532,2.25,42628.71074,1277744.739
83921.90733,5.525295192,6.821687363,4.06,39569.83006,1539329.319
54617.88615,6.234743605,6.782860704,2.18,29613.844,903881.6639
45493.20843,7.381580819,7.266475345,3.2,38938.2712,896944.2443
72780.15123,5.259416171,5.725266904,2.48,44953.52365,1184758.842
96395.3218,5.460823005,7.52809801,6.5,35036.19213,1731437.416
47467.42392,5.821678083,7.015252974,3.33,37341.62134,762144.9261
61807.48493,5.60685891,8.203353428,5.46,44586.72495,1270905.02
54794.42399,5.625066678,8.00318507,4.21,39385.6836,1000043.903
94923.40619,5.70927131,8.039282316,3.3,43818.81314,1967637.287
62058.50246,7.030593803,6.175147479,3.23,28954.49749,1114779.247
46952.22944,6.061124984,5.728597316,4.24,31628.22805,671661.7134
67003.62956,6.505040047,7.406529543,3.02,28464.33389,1214986.886
87835.27161,4.302756122,7.458554034,3.39,16250.76883,1053236.6
73433.62623,7.107788624,6.227752216,2.05,44544.23046,1515005.384
70124.38688,6.740554121,7.346570952,6.32,51673.96267,1732196.217
84366.24462,4.750904287,7.865276959,5.27,43445.0159,1587122.369
60343.59941,7.827794857,7.267249766,4.38,24199.05275,1184893.56
71308.86039,5.806519014,8.598246883,3.25,22710.19219,1314348.699
65430.97914,4.324962702,7.200581808,4.41,33320.39672,717825.3597
73591.48889,5.430302262,6.747876001,2.5,51662.31774,1441736.761
52805.83596,7.460307854,6.799866021,4.48,37161.1126,1119542.311
58187.0494,6.084778056,7.256935779,4.08,31551.86373,850977.0123
70506.22247,6.067423246,7.947610774,3.14,44706.71849,1655466.736
77412.45431,7.264613698,7.067327828,4.29,33258.83439,1641739.518
65087.71793,6.684347864,7.456185045,3.45,40283.24977,1369976.501
72547.04742,5.606278582,7.046825652,3.32,39218.75914,1465835.843
78864.05341,6.378901779,7.348649923,3.3,50194.10811,1789334.851
67335.75773,6.785460273,7.377845327,6.26,10311.00139,863297.1767
79552.39015,5.191222752,6.537351508,3.32,50113.83691,1425366.413
89089.43207,7.146246355,9.179993536,5.29,49782.15207,2271112.744
67110.33438,7.197138761,7.236402011,6.1,31998.76325,1370699.722
80778.90088,6.484438121,6.386486309,3.16,34431.16874,1566740.128
76624.14812,5.074271516,6.265051496,4.17,47039.09365,1436995.2
80011.58352,6.448675361,6.489267832,2.49,26576.39199,1345962.955
70472.79238,6.010153598,6.110191694,3.24,34894.15883,1265180.909
57456.99716,5.378244758,7.857343016,6.22,37378.95089,1061222.537
80000.76417,5.612801653,5.91001256,3.17,42245.4464,1383967.463
66387.6838,5.677748504,7.788138382,5.22,22552.53591,1051519.066
64699.39397,6.848939033,6.956937821,4,49083.66618,1550359.548
84777.30248,5.421143531,6.079424489,2.22,42038.80335,1375057.083
81196.61131,6.865788207,7.181116046,3.01,49574.70781,1882978.9
60690.71865,7.5960077,7.021787448,3.42,35528.50391,1274053.64
72000.91793,7.16654825,7.869974067,3.13,27699.04897,1426434.644
51144.77077,6.748781492,6.767066347,4.04,39369.30084,913587.0974
57683.84762,6.557164042,7.060080868,4.3,43348.48868,1116730.867
63759.0507,6.13572675,7.614217985,6.23,35071.99599,1226586.921
68615.76709,8.76478554,6.122465225,2.47,51791.80812,1836978.483
66823.4329,7.52333072,6.142730956,4.29,30852.29111,1452153.849
67564.16592,6.701112226,8.039700873,5.16,21880.05031,1294750.368
68008.61543,4.357088276,7.879544727,5.41,28908.08678,1059870.965
73715.42371,6.210744515,7.983172003,3.09,45540.93836,1615346.75
50813.70267,7.161978239,5.942275646,2.1,30767.31362,1107692.003
83814.10116,8.571796672,7.392164066,3.39,51538.0568,2330289.701
51666.77275,7.730949556,7.55757585,3.45,41926.02443,1116193.293
69236.93433,5.816532436,5.861133737,4.18,39399.93645,1072253.834
81099.57815,6.433839889,7.13508385,4.33,29780.17308,1626941.788
59303.82319,6.930752508,9.098979835,3.44,43609.46243,1669681.231
69610.9725,4.137278576,5.627663434,4.04,39210.48262,806121.8394
77402.40158,5.648700181,7.856053644,6.14,39351.01562,1680252.737
73386.40734,4.96635994,7.915452714,4.3,38413.49048,1186441.756
70961.58131,8.598382722,6.185950711,2.02,38251.81217,1766248.403
81181.5688,6.636742301,8.201423572,5.27,26690.70991,1641055.939
57272.32797,7.577254753,6.59669477,2.07,30099.39506,1120894.804
58871.79001,8.174270417,7.074322473,5.16,25091.82355,1325706.901
74029.34982,6.618516283,6.414579249,4.31,36360.2738,1593347.849
56849.22111,4.043752332,6.78153687,3.19,43522.68518,605073.4908
73587.04646,5.944492108,6.53014678,2.3,25271.93098,1064509.523
49728.43703,5.844846445,7.531572717,3.19,37608.67975,872365.8799
60631.11084,5.956718133,7.628030848,3.11,40928.28419,1117741.757
78404.3633,7.066791632,6.858624507,3.03,49398.25748,1935172.995
86611.17802,4.849506719,8.303301694,3.01,45359.02795,1668670.656
58914.48624,6.590092351,6.311064909,2.46,35282.71403,1072704.89
75867.02443,5.539850454,8.061729885,4.18,56294.43444,1914746.582
66581.57483,5.419607067,5.884307666,3.25,18230.51893,839194.0689
62820.17908,7.63974101,7.681443787,6.07,23734.16959,1285157.87
69711.90393,6.073168346,8.090746781,3.45,36291.1452,1433614.967
82710.58982,6.236986667,5.086433684,4.43,44768.68811,1459342.887
58828.04163,7.236786459,8.749000788,6.08,44277.30064,1652845.981
53161.83239,4.879253961,8.678774415,4.07,30535.2556,725830.602
79361.02651,4.572241077,6.866564918,3.23,53875.28901,1378863.688
58325.69569,6.30432228,7.299320698,6.31,31256.22333,1003941.929
55772.89874,5.641007686,6.826893598,2.07,41638.65687,729882.6249
71893.42934,5.826870236,7.103995531,3.39,40364.19315,1270047.528
75922.88558,6.689121255,6.341246108,2.16,49458.66507,1695706.132
54648.28607,5.531123591,8.46138084,4.09,20270.54195,714822.5872
71857.57141,6.425892565,6.225548367,4.05,52563.97982,1462899.031
67424.18822,5.367615821,7.601754384,6.11,32412.84314,1127260.126
70564.86258,5.146618085,6.59799426,4.5,38376.46825,1014226.299
74237.26128,4.663506201,4.705015387,4.35,37651.01453,852982.5644
58004.2709,5.174346635,8.327776474,6.36,29182.7206,830286.7066
101928.8581,4.82958619,9.039381544,4.08,22804.99194,1938866.49
55809.49459,6.854522409,6.330243408,4.2,49001.90125,1247645.41
48357.06347,4.727645965,7.98951567,3.03,45206.72551,813415.1281
65017.74563,5.000504143,5.945759611,2.37,26910.32075,679373.4015
66949.0012,5.494535087,5.945900039,3.18,30323.73988,814879.2063
82848.55863,5.729198183,6.281916393,4.47,40338.11037,1489540.135
65851.26289,6.517096671,7.181912393,5.09,36110.06309,1468738.755
93579.11668,5.821447363,6.490128894,4.49,38977.93739,1859883.661
76114.15936,6.769699197,7.32160966,5.02,42601.8153,1558758.796
84289.795,7.762059263,7.946184619,4.09,42768.4581,2120888.345
57715.53989,5.549062595,7.648730581,5.16,19844.17257,790598.827
85825.85915,6.614755417,6.25590011,3.36,13983.30125,1137465.336
62765.29405,7.678891205,7.459908516,4.08,22272.18604,1369753.282
70205.72154,5.83835012,8.657342635,5.37,26973.43343,1433221.122
66595.66324,4.786484164,7.476142093,3.16,42385.40082,1373048.099
64303.64009,5.626372535,6.583251654,3.42,20214.598,941950.5795
57358.62333,7.353131745,7.096839816,3.14,22061.58541,948279.9394
74216.12905,6.038763092,7.004803041,3.28,45068.59934,1365036.084
68503.48554,4.403549081,8.419559831,4.42,34699.25818,1289082.363
55481.28674,5.733547356,9.699773329,3.46,42179.67004,1398979.249
75265.99827,8.312847295,7.494591244,5.33,13108.01789,1559678.613
68854.09085,6.745795742,8.194305101,5.23,37482.54576,1485677.064
74854.10011,4.604998734,7.679230572,4.06,50538.01354,1553592.98
54634.31766,5.743186901,8.04578157,6.3,41564.0063,1179278.094
57098.2024,8.172130124,5.759739522,2,42721.28569,1262465.989
68035.56212,6.487102994,8.810883649,4.06,34174.74428,1663509.393
63128.60652,5.459418735,6.953525108,3.02,39536.8097,930011.5709
62937.04797,6.171802299,8.931184559,3.14,38082.48344,1584167.851
82915.91143,7.078994202,7.882700548,5.2,50445.64737,2185480.091
70138.53362,6.459764363,6.844556793,4.05,44684.73719,1529028.714
75611.47181,5.692877721,7.174165695,6.18,22047.19911,998240.8508
42822.3111,6.612989198,4.993759778,3.34,29670.20231,513215.9882
60145.23086,7.349184292,8.012062753,5.19,25198.78667,1136448.409
87853.8483,6.524727389,7.571808331,6.43,42302.261,1898668.844
66392.57099,5.380618603,8.023288282,5.13,26623.18416,1255576.273
58204.22309,6.301814027,7.375616033,5.41,46663.40274,1367641.27
88244.61487,6.548375433,8.765481292,3.36,25791.99499,1788285.239
